{
  "project_info": {
    "project_number": "55986072116",
    "firebase_url": "https://formfirebase-4e875.firebaseio.com",
    "project_id": "formfirebase-4e875",
    "storage_bucket": "formfirebase-4e875.appspot.com"
  },
  "client": [
    {
      "client_info": {
        "mobilesdk_app_id": "1:55986072116:android:930053ced44144d4",
        "android_client_info": {
          "package_name": "com.maulinala.formfirebase"
        }
      },
      "oauth_client": [
        {
          "client_id": "55986072116-u38r16ocailh1ngn1cf1oucli9klh7eb.apps.googleusercontent.com",
          "client_type": 3
        }
      ],
      "api_key": [
        {
          "current_key": "AIzaSyDNgnzL1Q6Vu1Pb6UHAXARNCUbOSS1KmsU"
        }
      ],
      "services": {
        "analytics_service": {
          "status": 1
        },
        "appinvite_service": {
          "status": 1,
          "other_platform_oauth_client": []
        },
        "ads_service": {
          "status": 2
        }
      }
    }
  ],
  "configuration_version": "1"
}